{
  "hour_mean": {
    "dki1-bundaran-hi|0": 73.388626,
    "dki1-bundaran-hi|1": 73.932692,
    "dki1-bundaran-hi|2": 72.599078,
    "dki1-bundaran-hi|3": 77.162534,
    "dki1-bundaran-hi|4": 77.604196,
    "dki1-bundaran-hi|5": 77.295486,
    "dki1-bundaran-hi|6": 77.595775,
    "dki1-bundaran-hi|7": 76.041096,
    "dki1-bundaran-hi|8": 74.444444,
    "dki1-bundaran-hi|9": 74.523933,
    "dki1-bundaran-hi|10": 74.040523,
    "dki1-bundaran-hi|11": 74.361757,
    "dki1-bundaran-hi|12": 74.758186,
    "dki1-bundaran-hi|13": 74.667516,
    "dki1-bundaran-hi|14": 74.888471,
    "dki1-bundaran-hi|15": 74.987326,
    "dki1-bundaran-hi|16": 75.003846,
    "dki1-bundaran-hi|17": 74.845178,
    "dki1-bundaran-hi|18": 75.939009,
    "dki1-bundaran-hi|19": 75.60177,
    "dki1-bundaran-hi|20": 75.64801,
    "dki1-bundaran-hi|21": 75.028871,
    "dki1-bundaran-hi|22": 75.522078,
    "dki1-bundaran-hi|23": 75.821429,
    "dki2-kelapa-gading|0": 68.688372,
    "dki2-kelapa-gading|1": 69.084507,
    "dki2-kelapa-gading|2": 66.828829,
    "dki2-kelapa-gading|3": 72.847737,
    "dki2-kelapa-gading|4": 73.327323,
    "dki2-kelapa-gading|5": 72.651351,
    "dki2-kelapa-gading|6": 73.140473,
    "dki2-kelapa-gading|7": 72.447011,
    "dki2-kelapa-gading|8": 72.574834,
    "dki2-kelapa-gading|9": 72.8659,
    "dki2-kelapa-gading|10": 72.144703,
    "dki2-kelapa-gading|11": 72.427842,
    "dki2-kelapa-gading|12": 73.070175,
    "dki2-kelapa-gading|13": 72.656566,
    "dki2-kelapa-gading|14": 72.89375,
    "dki2-kelapa-gading|15": 72.887909,
    "dki2-kelapa-gading|16": 72.361783,
    "dki2-kelapa-gading|17": 72.337547,
    "dki2-kelapa-gading|18": 72.304893,
    "dki2-kelapa-gading|19": 72.706617,
    "dki2-kelapa-gading|20": 72.763547,
    "dki2-kelapa-gading|21": 72.620915,
    "dki2-kelapa-gading|22": 72.647362,
    "dki2-kelapa-gading|23": 72.530105,
    "dki3-jagakarsa|0": 67.556075,
    "dki3-jagakarsa|1": 68.258216,
    "dki3-jagakarsa|2": 66.882353,
    "dki3-jagakarsa|3": 71.101093,
    "dki3-jagakarsa|4": 71.833103,
    "dki3-jagakarsa|5": 71.372124,
    "dki3-jagakarsa|6": 71.311888,
    "dki3-jagakarsa|7": 71.055405,
    "dki3-jagakarsa|8": 70.885073,
    "dki3-jagakarsa|9": 70.934949,
    "dki3-jagakarsa|10": 70.660232,
    "dki3-jagakarsa|11": 71.035714,
    "dki3-jagakarsa|12": 71.205031,
    "dki3-jagakarsa|13": 70.867424,
    "dki3-jagakarsa|14": 70.951128,
    "dki3-jagakarsa|15": 71.040506,
    "dki3-jagakarsa|16": 70.665816,
    "dki3-jagakarsa|17": 70.596958,
    "dki3-jagakarsa|18": 70.793409,
    "dki3-jagakarsa|19": 71.195214,
    "dki3-jagakarsa|20": 70.835616,
    "dki3-jagakarsa|21": 70.994723,
    "dki3-jagakarsa|22": 70.853247,
    "dki3-jagakarsa|23": 71.303548,
    "dki4-lubang-buaya|0": 73.483412,
    "dki4-lubang-buaya|1": 73.82381,
    "dki4-lubang-buaya|2": 71.601852,
    "dki4-lubang-buaya|3": 77.988669,
    "dki4-lubang-buaya|4": 78.586895,
    "dki4-lubang-buaya|5": 77.797768,
    "dki4-lubang-buaya|6": 78.711207,
    "dki4-lubang-buaya|7": 78.392405,
    "dki4-lubang-buaya|8": 77.826558,
    "dki4-lubang-buaya|9": 78.370757,
    "dki4-lubang-buaya|10": 77.425393,
    "dki4-lubang-buaya|11": 77.14786,
    "dki4-lubang-buaya|12": 78.197201,
    "dki4-lubang-buaya|13": 77.501911,
    "dki4-lubang-buaya|14": 78.050314,
    "dki4-lubang-buaya|15": 77.794416,
    "dki4-lubang-buaya|16": 76.901408,
    "dki4-lubang-buaya|17": 77.631378,
    "dki4-lubang-buaya|18": 76.951654,
    "dki4-lubang-buaya|19": 77.728426,
    "dki4-lubang-buaya|20": 78.133166,
    "dki4-lubang-buaya|21": 78.077333,
    "dki4-lubang-buaya|22": 78.207124,
    "dki4-lubang-buaya|23": 78.495302,
    "dki5-kebun-jeruk|0": 78.087719,
    "dki5-kebun-jeruk|1": 79.647059,
    "dki5-kebun-jeruk|2": 75.418605,
    "dki5-kebun-jeruk|3": 77.519591,
    "dki5-kebun-jeruk|4": 78.330479,
    "dki5-kebun-jeruk|5": 77.9523,
    "dki5-kebun-jeruk|6": 77.623264,
    "dki5-kebun-jeruk|7": 76.714777,
    "dki5-kebun-jeruk|8": 76.235593,
    "dki5-kebun-jeruk|9": 77.856444,
    "dki5-kebun-jeruk|10": 76.97054,
    "dki5-kebun-jeruk|11": 77.739837,
    "dki5-kebun-jeruk|12": 77.401929,
    "dki5-kebun-jeruk|13": 77.746774,
    "dki5-kebun-jeruk|14": 77.8384,
    "dki5-kebun-jeruk|15": 77.231629,
    "dki5-kebun-jeruk|16": 76.433172,
    "dki5-kebun-jeruk|17": 76.354267,
    "dki5-kebun-jeruk|18": 76.852615,
    "dki5-kebun-jeruk|19": 77.386328,
    "dki5-kebun-jeruk|20": 76.916149,
    "dki5-kebun-jeruk|21": 77.114238,
    "dki5-kebun-jeruk|22": 77.349754,
    "dki5-kebun-jeruk|23": 77.97084
  },
  "month_mean": {
    "dki1-bundaran-hi|1": 54.379738,
    "dki1-bundaran-hi|2": 61.471837,
    "dki1-bundaran-hi|3": 66.259324,
    "dki1-bundaran-hi|4": 70.567901,
    "dki1-bundaran-hi|5": 83.895105,
    "dki1-bundaran-hi|6": 84.650477,
    "dki1-bundaran-hi|7": 88.270792,
    "dki1-bundaran-hi|8": 88.946333,
    "dki1-bundaran-hi|9": 84.80874,
    "dki1-bundaran-hi|10": 82.696419,
    "dki1-bundaran-hi|11": 69.75276,
    "dki1-bundaran-hi|12": 65.517216,
    "dki2-kelapa-gading|1": 50.129583,
    "dki2-kelapa-gading|2": 52.55426,
    "dki2-kelapa-gading|3": 56.141476,
    "dki2-kelapa-gading|4": 66.796688,
    "dki2-kelapa-gading|5": 89.714483,
    "dki2-kelapa-gading|6": 88.218858,
    "dki2-kelapa-gading|7": 87.741806,
    "dki2-kelapa-gading|8": 86.585424,
    "dki2-kelapa-gading|9": 84.783959,
    "dki2-kelapa-gading|10": 79.832164,
    "dki2-kelapa-gading|11": 64.909481,
    "dki2-kelapa-gading|12": 64.47063,
    "dki3-jagakarsa|1": 59.947742,
    "dki3-jagakarsa|2": 61.892502,
    "dki3-jagakarsa|3": 62.717992,
    "dki3-jagakarsa|4": 64.969835,
    "dki3-jagakarsa|5": 78.561983,
    "dki3-jagakarsa|6": 80.779913,
    "dki3-jagakarsa|7": 77.318763,
    "dki3-jagakarsa|8": 79.627545,
    "dki3-jagakarsa|9": 78.276486,
    "dki3-jagakarsa|10": 73.888407,
    "dki3-jagakarsa|11": 65.869481,
    "dki3-jagakarsa|12": 67.594982,
    "dki4-lubang-buaya|1": 51.815453,
    "dki4-lubang-buaya|2": 51.762667,
    "dki4-lubang-buaya|3": 57.292726,
    "dki4-lubang-buaya|4": 76.601786,
    "dki4-lubang-buaya|5": 100.904192,
    "dki4-lubang-buaya|6": 96.279425,
    "dki4-lubang-buaya|7": 98.678375,
    "dki4-lubang-buaya|8": 92.540573,
    "dki4-lubang-buaya|9": 90.488357,
    "dki4-lubang-buaya|10": 88.707853,
    "dki4-lubang-buaya|11": 64.452595,
    "dki4-lubang-buaya|12": 69.688923,
    "dki5-kebun-jeruk|1": 54.227066,
    "dki5-kebun-jeruk|2": 61.392202,
    "dki5-kebun-jeruk|3": 62.1917,
    "dki5-kebun-jeruk|4": 86.98997,
    "dki5-kebun-jeruk|5": 90.434856,
    "dki5-kebun-jeruk|6": 105.412422,
    "dki5-kebun-jeruk|7": 89.240761,
    "dki5-kebun-jeruk|8": 91.573055,
    "dki5-kebun-jeruk|9": 84.669456,
    "dki5-kebun-jeruk|10": 77.408348,
    "dki5-kebun-jeruk|11": 73.343964,
    "dki5-kebun-jeruk|12": 64.231111
  }
}